playerprofile,position,retiredOrNot,lastTransferFee,retirementAge,yearsPlayedOnLastTeam
Christophe Lauwers,Centre-Forward,Retired,free transfer,38,3
Wagneau Eloi,Centre-Forward,Retired,free transfer,34,2
Bas Vervaeke,Attacking Midfield,Retired,free transfer,32,1
Jamaïque Vandamme,Attacking Midfield,Retired,free transfer,35,1
Koen De Vleeschauwer,Right Midfield,Retired,free transfer,38,1
Rocky Peeters,Central Midfield,Retired,free transfer,39,3
Frédéric Vanderbiest,Defensive Midfield,Retired,free transfer,34,2
Daan Vaesen,Defensive Midfield,Retired,free transfer,35,1
Martijn Monteyne,Right-Back,Retired,free transfer,37,3
Björn De Coninck,Left-Back,Retired,free transfer,32,1
Wouter Biebauw,Goalkeeper,Retired,free transfer,38,2
Jurgen Sierens,Goalkeeper,Retired,free transfer,36,1
Ibrahim Tankary,Centre-Forward,Retired,free transfer,36,1
Sylvio Breleur,Centre-Forward,Retired,free transfer,39,2
Stijn Meert,Left Midfield,Retired,free transfer,35,1
Nathan D'Haemers,Right Midfield,Retired,free transfer,38,2
Tony Sergeant,Central Midfield,Retired,free transfer,35,4
Ludwin Van Nieuwenhuyze,Defensive Midfield,Retired,free transfer,36,3
Steve Watson,Right-Back,Retired,free transfer,35,2
Thomas Gaardsöe,Centre-Back,Retired,free transfer,33,2
Paul Robinson,Centre-Back,Retired,free transfer,39,6
Riccardo Scimeca,Centre-Back,Retired,free transfer,35,4
Heidar Helguson,Centre-Forward,Retired,free transfer,39,1
Collins John,Centre-Forward,Retired,free transfer,37,3
Luís Boa Morte,Left Midfield,Retired,free transfer,36,1
Simon Elliott,Defensive Midfield,Retired,free transfer,38,1
Liam Rosenior,Right-Back,Retired,free transfer,34,3
Moritz Volz,Right-Back,Retired,free transfer,32,3
Wayne Bridge,Left-Back,Retired,free transfer,34,1
Dean Leacock,Centre-Back,Retired,free transfer,34,1
Philippe Christanval,Centre-Back,Retired,free transfer,30,3
Ian Pearce,Centre-Back,Retired,free transfer,36,1
Alain Goma,Centre-Back,Retired,free transfer,37,3
Carlos Bocanegra,Centre-Back,Retired,free transfer,36,2
Julian Gray,Centre-Forward,Retired,free transfer,35,1
Clinton Morrison,Centre-Forward,Retired,free transfer,40,3
Emile Heskey,Centre-Forward,Retired,free transfer,38,1
Jamie Carragher,Centre-Back,Retired,free transfer,35,17
Nicklas Bendtner,Centre-Forward,Retired,free transfer,33,1
Robin van Persie,Centre-Forward,Retired,free transfer,36,1
Aleksandr Hleb,Attacking Midfield,Retired,free transfer,39,1
Robert Pirès,Left Midfield,Retired,free transfer,42,1
Freddie Ljungberg,Right Midfield,Retired,free transfer,38,1
Patrick Cregg,Central Midfield,Retired,free transfer,33,1
Abou Diaby,Central Midfield,Retired,free transfer,33,2
Gilberto Silva,Defensive Midfield,Retired,free transfer,40,2
Johan Djourou,Centre-Back,Retired,free transfer,34,1
Pascal Cygan,Centre-Back,Retired,free transfer,37,2
Philippe Senderos,Centre-Back,Retired,free transfer,35,1
Kolo Touré,Centre-Back,Retired,free transfer,36,1
Sol Campbell,Centre-Back,Retired,free transfer,37,1
Manuel Almunia,Goalkeeper,Retired,free transfer,37,2
Mart Poom,Goalkeeper,Retired,€100Th.,37,2
Sylvan Ebanks-Blake,Centre-Forward,Retired,free transfer,33,1
Ruud van Nistelrooy,Centre-Forward,Retired,free transfer,36,1
Wayne Rooney,Centre-Forward,Retired,free transfer,36,1
Ryan Giggs,Left Midfield,Retired,free transfer,40,23
Ritchie Jones,Central Midfield,Retired,free transfer,30,2
Quinton Fortune,Central Midfield,Retired,free transfer,33,1
Darren Fletcher,Central Midfield,Retired,free transfer,36,1
Alan Smith,Central Midfield,Retired,free transfer,38,4
Paul Scholes,Central Midfield,Retired,free transfer,39,1
Gary Neville,Right-Back,Retired,free transfer,36,17
Adam Eckersley,Left-Back,Retired,free transfer,35,1
Kieran Richardson,Left-Back,Retired,free transfer,33,1
Mikaël Silvestre,Left-Back,Retired,free transfer,38,1
Patrice Evra,Left-Back,Retired,free transfer,38,1
Wes Brown,Centre-Back,Retired,free transfer,39,1
John O'Shea,Centre-Back,Retired,free transfer,38,1
Gabriel Heinze,Centre-Back,Retired,free transfer,36,2
Rio Ferdinand,Centre-Back,Retired,free transfer,37,1
Carlton Cole,Centre-Forward,Retired,free transfer,35,1
Eidur Gudjohnsen,Centre-Forward,Retired,free transfer,39,1
Hernán Crespo,Centre-Forward,Retired,free transfer,37,2
Shaun Wright-Phillips,Right Winger,Retired,free transfer,38,1
Arjen Robben,Right Winger,Retired,free transfer,37,1
Joe Cole,Attacking Midfield,Retired,free transfer,38,3
Njitap Geremi,Right Midfield,Retired,free transfer,32,1
Damien Duff,Right Midfield,Retired,free transfer,37,1
Tiago Mendes,Central Midfield,Retired,free transfer,36,6
Maniche,Central Midfield,Retired,free transfer,34,1
Abou Diaby,Central Midfield,Retired,free transfer,33,2
Thomas Kahlenberg,Central Midfield,Retired,free transfer,34,4
Philippe Violeau,Defensive Midfield,Retired,€400Th.,36,3
Lionel Mathis,Defensive Midfield,Retired,free transfer,36,1
Mathieu Berson,Defensive Midfield,Retired,free transfer,33,2
Benoît Cheyrou,Defensive Midfield,Retired,free transfer,37,3
Johan Radet,Right-Back,Retired,free transfer,31,11
Bacary Sagna,Right-Back,Retired,free transfer,37,2
Jean-Sébastien Jaurès,Left-Back,Retired,free transfer,34,3
Aurélien Chedjou,Centre-Back,Retired,free transfer,37,1
Oumar Kalabane,Centre-Back,Retired,free transfer,33,1
Rene Bolf,Centre-Back,Retired,free transfer,39,2
Stéphane Grichting,Centre-Back,Retired,free transfer,36,3
Jean-Pascal Mignot,Centre-Back,Retired,free transfer,35,2
Baptiste Chabert,Goalkeeper,Retired,free transfer,30,7
Sébastien Hamel,Goalkeeper,Retired,free transfer,34,1
Aruna Dindane,Second Striker,Retired,free transfer,34,1
Jussiê,Attacking Midfield,Retired,free transfer,34,0
Alou Diarra,Defensive Midfield,Retired,free transfer,36,1
Jonathan Martins Pereira,Right-Back,Retired,free transfer,34,2
Patrick Barul,Right-Back,Retired,free transfer,34,1
Yohan Demont,Right-Back,Retired,free transfer,35,8
Benoît Assou-Ekotto,Left-Back,Retired,free transfer,34,2
Kamil Zayatte,Centre-Back,Retired,free transfer,31,1
Yoann Lachor,Centre-Back,Retired,free transfer,36,4
Nicolas Gillet,Centre-Back,Retired,free transfer,36,2
Jacek Bak,Centre-Back,Retired,free transfer,39,1
Adama Coulibaly,Centre-Back,Retired,free transfer,35,1
Charles Itandje,Goalkeeper,Retired,free transfer,37,1
Laurent Leroy,Centre-Forward,Retired,free transfer,35,2
Lilian Laslandes,Centre-Forward,Retired,free transfer,37,1
Jean-Claude Darcheville,Centre-Forward,Retired,free transfer,39,2
Marouane Chamakh,Centre-Forward,Retired,free transfer,35,2
Juan Pablo Francia,Attacking Midfield,Retired,free transfer,36,5
Vladimir Smicer,Attacking Midfield,Retired,free transfer,36,2
Fernando,Defensive Midfield,Retired,free transfer,34,1
Rio Mavuba,Defensive Midfield,Retired,free transfer,35,1
David Jemmali,Right-Back,Retired,free transfer,36,3
Julien Faubert,Right-Back,Retired,free transfer,37,1
Florian Marange,Left-Back,Retired,free transfer,32,1
Franck Jurietti,Left-Back,Retired,free transfer,35,7
Kodjo Afanou,Centre-Back,Retired,free transfer,31,1
Henrique,Centre-Back,Retired,free transfer,34,1
Marc Planus,Centre-Back,Retired,free transfer,33,13
Mathias Hain,Goalkeeper,Retired,free transfer,38,3
Carsten Jancker,Centre-Forward,Retired,free transfer,36,3
Mihael Mikic,Right Midfield,Retired,free transfer,39,1
Ciriaco Sforza,Central Midfield,Retired,free transfer,36,4
Christian Nerlinger,Defensive Midfield,Retired,free transfer,33,2
Michael Lehmann,Defensive Midfield,Retired,free transfer,31,5
Balazs Borbely,Defensive Midfield,Retired,free transfer,35,1
Jon Inge Höiland,Right-Back,Retired,free transfer,38,1
Ingo Hertzsch,Centre-Back,Retired,free transfer,36,2
Lucién Mettomo,Centre-Back,Retired,free transfer,32,1
Fabian Schönheim,Centre-Back,Retired,free transfer,33,1
Hervé Nzelo-Lembi,Centre-Back,Retired,free transfer,34,2
Thomas Ernst,Goalkeeper,Retired,free transfer,38,3
Jürgen Macho,Goalkeeper,Retired,free transfer,37,1
Tobias Damm,Centre-Forward,Retired,free transfer,37,2
Ranisav Jovanovic,Centre-Forward,Retired,free transfer,37,1
Conor Casey,Centre-Forward,Retired,free transfer,36,1
Dennis Weiland,Left Midfield,Retired,free transfer,36,1
Fabian Gerber,Right Midfield,Retired,free transfer,34,4
Milorad Pekovic,Defensive Midfield,Retired,free transfer,38,1
Henning Lichte,Right-Back,Retired,free transfer,33,7
Christian Demirtas,Right-Back,Retired,free transfer,32,2
Marco Rose,Left-Back,Retired,free transfer,35,1
Benjamin Weigelt,Left-Back,Retired,free transfer,35,5
Tamás Bódog,Centre-Back,Retired,free transfer,38,1
Mathias Abel,Centre-Back,Retired,free transfer,32,5
Nikolce Noveski,Centre-Back,Retired,free transfer,37,1
Fernando Benitez,Centre-Forward,Retired,free transfer,38,4
Emanuel Perrone,Centre-Forward,Retired,free transfer,37,2
Milton Coimbra,Centre-Forward,Retired,free transfer,35,1
Georgios Vourexakis,Defensive Midfield,Retired,free transfer,35,1
Juan Pajuelo,Centre-Back,Retired,free transfer,38,2
Giannis Lazanas,Centre-Forward,Retired,free transfer,36,1
Hristo Telkiyski,Attacking Midfield,Retired,free transfer,35,2
Xenofon Belegrinis,Right-Back,Retired,free transfer,31,1
Vangelis Tsiolis,Left-Back,Retired,free transfer,30,1
Aleksandar Mijatovic,Centre-Back,Retired,free transfer,34,3
Leonidas Vokolos,Centre-Back,Retired,free transfer,37,1
Georgios Koulakiotis,Centre-Back,Retired,free transfer,33,2
Panagiotis Bartzokas,Goalkeeper,Retired,free transfer,37,1
Rastislav Lazorik,Centre-Forward,Retired,free transfer,36,1
Mirnes Sisic,Right Winger,Retired,free transfer,34,1
Ivan Rusev,Attacking Midfield,Retired,free transfer,40,3
Miguel Mea Vitali,Defensive Midfield,Retired,free transfer,37,4
Konstantinos Kallimanis,Right-Back,Retired,free transfer,36,1
Panagiotis Macheras,Left-Back,Retired,free transfer,35,1
Carlos Massara,Left-Back,Retired,free transfer,34,1
Theopistos Papadopoulos,Centre-Back,Retired,free transfer,37,2
Lucian Marinescu,Attacking Midfield,Retired,free transfer,34,1
Nikola Vujovic,Left Midfield,Retired,free transfer,37,1
Manolis Skoufalis,Right Midfield,Retired,free transfer,37,1
Laurent Macquet,Central Midfield,Retired,free transfer,34,2
Sven Vandenbroeck,Defensive Midfield,Retired,free transfer,31,1
Paolo Vanoli,Left-Back,Retired,free transfer,35,1
Berny Peña,Centre-Back,Retired,free transfer,32,1
Konstantinos Bantas,Centre-Back,Retired,free transfer,35,1
Giannis Sfakianakis,Centre-Back,Retired,free transfer,38,1
Panagiotis Giannopoulos,Defender,Retired,free transfer,30,1
Sotiris Lyberopoulos,Goalkeeper,Retired,free transfer,40,2
Aílton,Centre-Forward,Retired,free transfer,35,1
Karim Mouzaoui,Centre-Forward,Retired,free transfer,36,3
Christos Christoforidis,Left Winger,Retired,free transfer,34,5
Stefano Argilli,Right-Back,Retired,free transfer,37,1
Matteo Melara,Right-Back,Retired,free transfer,35,2
Marc Pfertzel,Right-Back,Retired,free transfer,34,1
César Prates,Right-Back,Retired,free transfer,36,1
Andrea Giallombardo,Left-Back,Retired,free transfer,38,3
Marco Marchionni,Right Midfield,Retired,free transfer,38,1
Filippo Savi,Central Midfield,Retired,free transfer,34,3
Jorge Bolaño,Central Midfield,Retired,free transfer,36,3
Mark Bresciano,Central Midfield,Retired,free transfer,36,1
Alessandro Bernardini,Centre-Back,Retired,free transfer,33,1
Fernando Couto,Centre-Back,Retired,free transfer,39,3
Mirko Stefani,Centre-Back,Retired,free transfer,38,7
Sebastiano Siviglia,Centre-Back,Retired,free transfer,37,6
Fabio Firmani,Central Midfield,Retired,free transfer,34,1
Dino Baggio,Defensive Midfield,Retired,free transfer,35,1
Christian Keller,Defensive Midfield,Retired,free transfer,37,1
Guilherme Siqueira,Left-Back,Retired,free transfer,32,1
Felice Piccolo,Centre-Back,Retired,free transfer,35,2
Matías Lequi,Centre-Back,Retired,free transfer,36,1
Cribari,Centre-Back,Retired,free transfer,34,2
Michele Pazienza,Defensive Midfield,Retired,free transfer,35,1
Juarez,Right-Back,Retired,free transfer,33,1
Damiano Zenoni,Right-Back,Retired,free transfer,37,3
Morgan De Sanctis,Goalkeeper,Retired,free transfer,40,1
Édgar Álvarez,Right Midfield,Retired,free transfer,39,6
Leandro Greco,Central Midfield,Retired,free transfer,35,1
Houssine Kharja,Central Midfield,Retired,free transfer,34,1
Alberto Aquilani,Central Midfield,Retired,free transfer,35,1
Olivier Dacourt,Defensive Midfield,Retired,free transfer,36,1
Daniele De Rossi,Defensive Midfield,Retired,free transfer,37,1
Giuseppe Favalli,Left-Back,Retired,free transfer,38,4
Siniša Mihajlović,Centre-Back,Retired,free transfer,37,2
Marco Andreolli,Centre-Back,Retired,free transfer,33,0
Stefaan Tanghe,Attacking Midfield,Retired,free transfer,40,2
Bernard Hofstede,Central Midfield,Retired,free transfer,36,2
Kwame Quansah,Defensive Midfield,Retired,free transfer,35,1
Remon de Vries,midfield,Retired,free transfer,36,1
Mark Looms,Left-Back,Retired,free transfer,33,2
Marnix Smit,Centre-Back,Retired,free transfer,36,3
Jan Wuytens,Centre-Back,Retired,free transfer,33,1
Rudy Jansen,Centre-Back,Retired,free transfer,34,2
Martin Pieckenhagen,Goalkeeper,Retired,free transfer,40,1
Fouad Makhout,Centre-Forward,Retired,free transfer,31,3
Tim Smolders,Central Midfield,Retired,free transfer,38,3
Sidney Lammens,Right-Back,Retired,free transfer,34,1
Björn Daelemans,Right-Back,Retired,free transfer,33,1
Nuelson Wau,Right-Back,Retired,free transfer,33,1
Davy De fauw,Right-Back,Retired,free transfer,39,4
Nebojsa Gudelj,Left-Back,Retired,free transfer,38,1
Wouter Gudde,Centre-Back,Retired,free transfer,30,1
Danny Schenkel,Centre-Back,Retired,free transfer,37,1
René Ponk,Goalkeeper,Retired,free transfer,37,1
Frank Kooiman,Goalkeeper,Retired,free transfer,38,2
Glen Salmon,Centre-Forward,Retired,free transfer,34,4
Erik Nevland,Centre-Forward,Retired,free transfer,36,3
Koen van de Laak,Attacking Midfield,Retired,free transfer,32,2
Yuri Cornelisse,Right Midfield,Retired,free transfer,35,3
Evandro,Left Winger,Retired,free transfer,37,1
Agostinho,Left Winger,Retired,free transfer,37,1
Mozer,Central Midfield,Retired,free transfer,38,1
Darko Anic,Central Midfield,Retired,free transfer,33,1
Niquinha,Central Midfield,Retired,free transfer,38,12
Delson,Defensive Midfield,Retired,free transfer,35,1
Zé Gomes,Right-Back,Retired,free transfer,37,1
Milhazes,Left-Back,Retired,free transfer,37,1
Bruno Mendes,Centre-Back,Retired,free transfer,34,9
André Vilas Boas,Centre-Back,Retired,free transfer,34,6
Miguel Mora,Goalkeeper,Retired,free transfer,36,7
Modou Sougou,Right Winger,Retired,free transfer,35,2
Costinha,Attacking Midfield,Retired,free transfer,28,0
João Pinto,Second Striker,Retired,free transfer,37,2
Cadú,Centre-Back,Retired,free transfer,39,2
Khadim Fayé,Goalkeeper,Retired,free transfer,37,7
William,Goalkeeper,Retired,free transfer,40,1
Harison,Right Winger,Retired,free transfer,36,3
Paulo César,Right Winger,Retired,free transfer,36,1
Alioune Touré,Right Winger,Retired,free transfer,32,1
Maciel,Right Winger,Retired,free transfer,37,1
Vitor Pereira,Defensive Midfield,Retired,free transfer,38,1
Paulo Gomes,Defensive Midfield,Retired,free transfer,35,1
Éder Bonfim,Right-Back,Retired,free transfer,32,2
Laranjeiro,Right-Back,Retired,free transfer,36,4
Damian Tixier,Left-Back,Retired,free transfer,35,1
Costinha,Goalkeeper,Retired,free transfer,36,3
Romeu,Centre-Forward,Retired,free transfer,33,2
Albert Meyong,Centre-Forward,Retired,free transfer,37,1
Hassan Ahamada,Attacking Midfield,Retired,free transfer,32,2
Rúben Amorim,Central Midfield,Retired,End of loan,32,1
José Pedro,Central Midfield,Retired,free transfer,36,1
Ivan Djurdjevic,Defensive Midfield,Retired,free transfer,36,6
Sandro Gaúcho,Defensive Midfield,Retired,free transfer,37,2
Sousa,Right-Back,Retired,free transfer,33,1
Mauricio Pellegrino,Centre-Back,Retired,free transfer,35,1
Gaspar Gálvez,Centre-Back,Retired,free transfer,36,1
Franco Costanzo,Goalkeeper,Retired,free transfer,38,5
Sergio Pachón,Centre-Forward,Retired,free transfer,39,5
Veljko Paunovic,Centre-Forward,Retired,free transfer,35,1
Riki,Centre-Forward,Retired,free transfer,36,1
Jaime Gavilán,Left Winger,Retired,free transfer,36,2
Pablo Redondo,Attacking Midfield,Retired,free transfer,36,1
Mario Cotelo,Right Midfield,Retired,free transfer,34,6
Diego Rivas,Central Midfield,Retired,free transfer,38,2
David Cubillo,Defensive Midfield,Retired,free transfer,34,3
Cosmin Contra,Right-Back,Retired,free transfer,35,2
Cristiano Doni,Attacking Midfield,Retired,free transfer,39,6
Alejandro Campano,Right Midfield,Retired,free transfer,33,1
Jonás Gutiérrez,Central Midfield,Retired,free transfer,39,1
Guillermo Pereyra,Central Midfield,Retired,free transfer,31,1
Borja Fernández,Defensive Midfield,Retired,free transfer,38,2
José Enrique,Left-Back,Retired,free transfer,31,1
Diego Placente,Left-Back,Retired,free transfer,36,1
Yago Yao,Centre-Back,Retired,free transfer,36,1
Sebastián Méndez,Centre-Back,Retired,free transfer,33,1
Matías Lequi,Centre-Back,Retired,free transfer,36,1
Javier Garrido,Left-Back,Retired,free transfer,35,2
Mikel Labaka,Centre-Back,Retired,free transfer,33,2
Ion Ansotegi,Centre-Back,Retired,free transfer,35,1
Igor Jauregi,Centre-Back,Retired,End of loan,33,5
Jérémie Bréchet,Centre-Back,Retired,free transfer,39,4
Alberto López,Goalkeeper,Retired,free transfer,40,3
Iván de la Peña,Attacking Midfield,Retired,free transfer,35,8
Toni Velamazán,Right Midfield,Retired,free transfer,34,4
Miki Martínez,Central Midfield,Retired,free transfer,32,1
Ito,Central Midfield,Retired,free transfer,35,1
Luis García,Central Midfield,Retired,free transfer,38,5
Àngel Morales,Defensive Midfield,Retired,free transfer,34,2
Moisés Hurtado,Defensive Midfield,Retired,free transfer,33,1
Xisco Nadal,Right Winger,Retired,free transfer,32,2
Juan Román Riquelme,Attacking Midfield,Retired,free transfer,37,1
Javier Calleja,Left Midfield,Retired,free transfer,34,3
Josico,Defensive Midfield,Retired,free transfer,36,2
Marcos Senna,Defensive Midfield,Retired,free transfer,39,2
Alessio Tacchinardi,Defensive Midfield,Retired,free transfer,33,1
Jan Kromkamp,Right-Back,Retired,free transfer,33,2
Rodolfo Arruabarrena,Left-Back,Retired,free transfer,36,1
César Arzo,Centre-Back,Retired,free transfer,33,1
Quique Álvarez,Centre-Back,Retired,free transfer,34,2
Juan Manuel Peña,Centre-Back,Retired,free transfer,38,1
Josemi,Centre-Back,Retired,free transfer,36,1
Gonzalo Rodríguez,Centre-Back,Retired,free transfer,36,3
Juan Carlos,Goalkeeper,Retired,free transfer,35,1
Javier López Vallejo,Goalkeeper,Retired,free transfer,37,1
Mariano Barbosa,Goalkeeper,Retired,free transfer,36,5
Dani,Centre-Forward,Retired,free transfer,32,1
Xisco Muñoz,Second Striker,Retired,free transfer,36,1
Ronaldo,Centre-Forward,Retired,free transfer,35,2
Raúl,Second Striker,Retired,free transfer,38,1
José Manuel Jurado,Attacking Midfield,Retired,free transfer,34,1
Guti,Central Midfield,Retired,free transfer,35,1
Álvaro Arbeloa,Right-Back,Retired,free transfer,34,1
Carlos Diogo,Right-Back,Retired,free transfer,32,1
Iker Casillas,Goalkeeper,Retired,free transfer,39,5
Samuel Eto'o,Centre-Forward,Retired,free transfer,38,1
Deco,Attacking Midfield,Retired,free transfer,36,3
Ronaldinho Gaúcho,Attacking Midfield,Retired,free transfer,38,3
Xavi,Central Midfield,Retired,free transfer,39,4
Gabri,Defensive Midfield,Retired,free transfer,35,2
Edmílson,Defensive Midfield,Retired,free transfer,36,1
Carlos Peña,Left-Back,Retired,free transfer,37,2
Sylvinho,Left-Back,Retired,free transfer,36,1
Giovanni van Bronckhorst,Left-Back,Retired,free transfer,35,3
Víctor Valdés,Goalkeeper,Retired,free transfer,35,1
Okan Öztürk,Centre-Forward,Retired,free transfer,35,1
Murat Sözgelmez,Centre-Back,Retired,free transfer,33,1
Hakki Hocaoglu,Centre-Back,Retired,free transfer,35,1
Raymond Kalla,Centre-Back,Retired,free transfer,35,4
Vedat Kapurtu,Goalkeeper,Retired,free transfer,40,1
Akin Vardar,Goalkeeper,Retired,free transfer,35,1
Bora Riza Kalyon,Defensive Midfield,Retired,free transfer,33,3
Kamber Arslan,Defensive Midfield,Retired,free transfer,34,1
Ragip Basdag,Defensive Midfield,Retired,free transfer,39,1
Aydin Toscali,Centre-Back,Retired,free transfer,34,1
Cem Sinan Vergül,Defensive Midfield,Retired,free transfer,34,1
Ergin Pektas,midfield,Retired,free transfer,30,1
Abdurrahman Dereli,Right-Back,Retired,free transfer,35,1
Ivaylo Petkov,Left-Back,Retired,free transfer,35,2
Emre Güngör,Centre-Back,Retired,free transfer,33,1
Gökmen Baris,Centre-Back,Retired,free transfer,34,2
Hüseyin Kartal,Centre-Forward,Retired,free transfer,34,1
Yusuf Simsek,Attacking Midfield,Retired,free transfer,37,1
Güven Varol,Right Midfield,Retired,free transfer,36,4
Miikka Multaharju,Right Midfield,Retired,free transfer,33,1
Fatih Egedik,Defensive Midfield,Retired,free transfer,37,1
Serhat Gülpinar,Defensive Midfield,Retired,free transfer,36,2
Tomas Abraham,Defensive Midfield,Retired,free transfer,40,1
Bülent Ertugrul,Defensive Midfield,Retired,free transfer,37,2
Mustafa Keceli,Left-Back,Retired,free transfer,38,2
Ibrahim Celik,Centre-Back,Retired,free transfer,33,2
Volodymyr Arzhanov,Right Winger,Retired,free transfer,36,2
Sergiy Shyshchenko,Left Winger,Retired,free transfer,34,2
Valeriy Kryventsov,Attacking Midfield,Retired,free transfer,33,2
Vladimir Korytko,Attacking Midfield,Retired,free transfer,38,2
Vyacheslav Serdyuk,Centre-Back,Retired,free transfer,31,1
Vitaliy Lysytskyi,Centre-Back,Retired,free transfer,35,1
Sergiy Matyukhin,Centre-Back,Retired,free transfer,32,1
Bogdan Shershun,Centre-Back,Retired,free transfer,33,1
Igor Gjuzelov,Centre-Back,Retired,free transfer,35,5
Boban Grncarov,Centre-Back,Retired,free transfer,36,4
Arsene Né,Centre-Back,Retired,free transfer,31,2
Elvin Beqiri,Centre-Back,Retired,free transfer,35,3
Vladimir Disljenkovic,Goalkeeper,Retired,free transfer,34,5
Maksim Shatskikh,Centre-Forward,Retired,free transfer,38,1
Diogo Rincón,Attacking Midfield,Retired,free transfer,33,1
Florin Cernat,Attacking Midfield,Retired,free transfer,38,2
Oleg Gusev,Right Midfield,Retired,free transfer,35,1
Mariusz Lewandowski,Defensive Midfield,Retired,free transfer,34,3
Anatoliy Tymoshchuk,Defensive Midfield,Retired,free transfer,38,2
Flavius Stoican,Right-Back,Retired,free transfer,32,1
Darijo Srna,Right-Back,Retired,free transfer,37,1
Vyacheslav Shevchuk,Left-Back,Retired,free transfer,38,12
Dmytro Shutkov,Goalkeeper,Retired,free transfer,36,17
Badr El Kaddouri,Left-Back,Retired,free transfer,32,1
Andriy Nesmachnyi,Left-Back,Retired,free transfer,32,12
Andriy Kuraev,Goalkeeper,Retired,free transfer,33,1
Yuriy Nikitenko,Goalkeeper,Retired,free transfer,35,2
Ilya Blyznyuk,Goalkeeper,Retired,free transfer,35,1
Vasyl Tovkatskyi,Centre-Forward,Retired,free transfer,33,2
Michael Chidi Alozie,Centre-Forward,Retired,free transfer,30,1
Roman Maksymyuk,Left Midfield,Retired,free transfer,38,2
Yuriy Dudnyk,midfield,Retired,free transfer,40,1
Vadym Zayats,midfield,Retired,free transfer,35,3
Volodymyr Kravchenko,midfield,Retired,free transfer,29,1
Andriy Sapuga,Right-Back,Retired,free transfer,33,1
Denys Golaydo,Left-Back,Retired,free transfer,33,2
Oleksandr Antonyuk,Left-Back,Retired,free transfer,39,2
Igor Chuchman,Centre-Back,Retired,free transfer,30,2
Taras Mykhalyk,Centre-Back,Retired,free transfer,38,1
Bobô,Centre-Forward,Retired,free transfer,37,1
Sergen Yalcin,Attacking Midfield,Retired,free transfer,36,1
Tümer Metin,Attacking Midfield,Retired,free transfer,38,1
Okan Buruk,Right Midfield,Retired,free transfer,37,2
Mert Nobre,Centre-Forward,Retired,free transfer,39,1
Nicolas Anelka,Centre-Forward,Retired,free transfer,37,1
Tuncay Sanli,Left Winger,Retired,free transfer,34,1
Alex,Attacking Midfield,Retired,free transfer,38,3
Selcuk Sahin,Defensive Midfield,Retired,free transfer,39,1
Ümit Özat,Left-Back,Retired,free transfer,33,2