position,retirementAge,gamesPlayedLastYear,gamesPlayedLast2Year,gamesPlayedLast3Year,injurysLast3Year
Centre-Forward,38,11,24,31,2
Centre-Forward,34,12,26,19,0
Attacking Midfield,32,31,29,41,1
Attacking Midfield,35,0,18,20,0
Right Midfield,38,1,28,35,0
Central Midfield,39,1,18,26,0
Defensive Midfield,34,16,33,31,0
Defensive Midfield,35,27,24,32,0
Right-Back,37,16,2,9,1
Left-Back,32,13,8,25,1
Goalkeeper,38,8,0,27,0
Goalkeeper,36,6,15,42,0
Centre-Forward,36,0,13,7,1
Centre-Forward,39,26,24,13,0
Left Midfield,35,28,13,13,0
Right Midfield,38,19,34,21,0
Central Midfield,35,0,4,27,2
Defensive Midfield,36,1,31,27,0
Right-Back,35,23,25,24,0
Centre-Back,33,13,10,22,2
Centre-Back,39,4,25,27,0
Centre-Back,35,6,6,10,1
Centre-Forward,39,0,17,39,2
Centre-Forward,37,2,2,4,0
Left Midfield,36,13,12,30,1
Defensive Midfield,38,13,32,29,0
Right-Back,34,8,12,35,1
Right-Back,32,3,19,29,3
Left-Back,34,12,42,11,1
Centre-Back,34,3,28,31,2
Centre-Back,30,1,23,16,0
Centre-Back,36,1,4,11,0
Centre-Back,37,15,20,29,0
Centre-Back,36,18,12,30,0
Centre-Forward,35,12,30,25,0
Centre-Forward,40,25,25,36,0
Centre-Forward,38,31,18,18,1
Centre-Back,35,38,31,38,2
Centre-Forward,33,13,16,38,1
Centre-Forward,36,31,19,35,8
Attacking Midfield,39,14,18,16,2
Left Midfield,42,8,13,37,1
Right Midfield,38,4,18,30,1
Central Midfield,33,10,40,15,1
Central Midfield,33,2,4,6,5
Defensive Midfield,40,0,16,45,0
Centre-Back,34,12,7,6,5
Centre-Back,37,31,26,6,1
Centre-Back,35,3,13,10,6
Centre-Back,36,17,26,21,3
Centre-Back,37,12,16,40,1
Goalkeeper,37,38,43,5,2
Centre-Forward,33,21,37,13,1
Centre-Forward,36,32,26,22,5
Centre-Forward,36,11,24,34,2
Left Midfield,40,22,32,33,0
Central Midfield,30,24,29,14,0
Central Midfield,33,7,11,7,0
Central Midfield,36,14,29,40,0
Central Midfield,38,25,23,31,0
Central Midfield,39,21,21,33,3
Right-Back,36,4,29,29,1
Left-Back,35,14,19,27,2
Left-Back,33,6,15,26,1
Left-Back,38,14,8,1,3
Left-Back,38,14,25,35,4
Centre-Back,39,15,12,8,0
Centre-Back,38,11,40,30,1
Centre-Back,36,31,36,32,0
Centre-Back,37,12,23,34,1
Centre-Forward,35,5,9,26,2
Centre-Forward,39,13,29,30,1
Centre-Forward,37,6,31,34,3
Right Winger,38,3,9,22,1
Right Winger,37,7,19,34,11
Attacking Midfield,38,31,29,48,0
Right Midfield,32,11,21,17,2
Right Midfield,37,15,18,34,5
Central Midfield,36,15,19,37,5
Central Midfield,34,28,30,32,4
Central Midfield,33,2,4,6,5
Central Midfield,34,2,18,24,2
Defensive Midfield,36,35,55,49,0
Defensive Midfield,36,31,22,44,0
Defensive Midfield,33,29,22,22,0
Defensive Midfield,37,15,21,31,1
Right-Back,31,15,39,16,0
Right-Back,37,31,22,25,5
Left-Back,34,18,5,40,3
Centre-Back,37,7,28,26,1
Centre-Back,33,3,27,20,2
Centre-Back,39,8,21,27,0
Centre-Back,36,34,39,39,1
Centre-Back,35,4,27,3,2
Goalkeeper,34,0,0,1,0
Second Striker,34,11,13,24,0
Attacking Midfield,34,21,28,34,5
Defensive Midfield,36,23,33,12,1
Right-Back,34,1,1,14,2
Right-Back,34,26,13,10,0
Right-Back,35,40,40,34,0
Left-Back,34,16,20,28,1
Centre-Back,31,6,14,12,1
Centre-Back,36,1,40,32,0
Centre-Back,36,5,29,35,0
Centre-Back,39,35,40,33,16
Centre-Back,35,30,44,26,1
Goalkeeper,37,1,17,37,2
Centre-Forward,35,13,2,22,0
Centre-Forward,37,27,34,32,0
Centre-Forward,39,10,28,21,0
Centre-Forward,35,3,12,20,3
Attacking Midfield,36,0,14,24,0
Attacking Midfield,36,4,12,17,1
Defensive Midfield,34,14,19,51,4
Defensive Midfield,35,14,20,37,1
Right-Back,36,9,24,15,1
Right-Back,37,2,15,31,0
Left-Back,32,21,26,25,1
Left-Back,35,8,30,35,0
Centre-Back,31,19,18,12,0
Centre-Back,34,21,37,37,1
Centre-Back,33,9,18,39,4
Goalkeeper,38,4,35,33,4
Centre-Forward,36,34,37,15,1
Right Midfield,39,7,15,31,2
Central Midfield,36,7,18,28,0
Defensive Midfield,33,8,7,18,0
Defensive Midfield,31,31,26,28,0
Defensive Midfield,35,13,17,29,0
Right-Back,38,27,21,19,0
Centre-Back,36,1,7,20,3
Centre-Back,32,6,30,12,0
Centre-Back,33,11,13,8,11
Centre-Back,34,3,15,15,1
Goalkeeper,38,4,24,6,0
Goalkeeper,37,12,28,14,4
Centre-Forward,37,1,28,32,2
Centre-Forward,37,23,24,9,4
Centre-Forward,36,4,16,27,3
Left Midfield,36,24,11,8,0
Right Midfield,34,5,9,26,0
Defensive Midfield,38,25,24,18,6
Right-Back,33,19,25,15,0
Right-Back,32,16,37,13,1
Left-Back,35,23,9,7,3
Left-Back,35,21,41,36,0
Centre-Back,38,1,15,26,0
Centre-Back,32,8,24,20,2
Centre-Back,37,11,34,36,3
Centre-Forward,38,1,3,4,0
Centre-Forward,37,23,33,25,3
Centre-Forward,35,0,13,14,0
Defensive Midfield,35,7,8,25,0
Centre-Back,38,11,17,18,0
Centre-Forward,36,12,2,1,0
Attacking Midfield,35,25,23,11,0
Right-Back,31,4,11,10,0
Left-Back,30,25,27,16,0
Centre-Back,34,9,4,8,1
Centre-Back,37,13,28,38,0
Centre-Back,33,2,24,26,0
Goalkeeper,37,0,21,6,2
Centre-Forward,36,1,1,3,0
Right Winger,34,5,7,35,0
Attacking Midfield,40,33,17,34,0
Defensive Midfield,37,31,34,8,0
Right-Back,36,1,23,31,2
Left-Back,35,2,3,12,1
Left-Back,34,4,1,31,0
Centre-Back,37,1,31,26,0
Attacking Midfield,34,32,24,27,0
Left Midfield,37,5,26,16,0
Right Midfield,37,7,45,13,0
Central Midfield,34,14,26,29,2
Defensive Midfield,31,16,10,20,0
Left-Back,35,5,25,30,0
Centre-Back,32,19,18,16,0
Centre-Back,35,16,3,21,0
Centre-Back,38,1,15,27,0
Defender,30,15,18,4,0
Goalkeeper,40,11,10,3,0
Centre-Forward,35,13,17,11,2
Centre-Forward,36,26,10,27,0
Left Winger,34,6,2,33,0
Right-Back,37,16,25,16,1
Right-Back,35,7,17,28,0
Right-Back,34,1,9,33,1
Right-Back,36,21,24,23,0
Left-Back,38,25,12,29,0
Right Midfield,38,8,1,6,0
Central Midfield,34,23,27,28,0
Central Midfield,36,8,26,24,0
Central Midfield,36,21,11,23,2
Centre-Back,33,1,14,40,1
Centre-Back,39,18,26,24,0
Centre-Back,38,6,10,2,2
Centre-Back,37,24,32,27,1
Central Midfield,34,21,12,1,1
Defensive Midfield,35,3,0,25,0
Defensive Midfield,37,25,24,32,0
Left-Back,32,11,22,37,5
Centre-Back,35,37,36,6,0
Centre-Back,36,0,9,26,0
Centre-Back,34,8,34,19,0
Defensive Midfield,35,13,24,17,4
Right-Back,33,12,31,28,0
Right-Back,37,22,20,38,0
Goalkeeper,40,8,6,39,2
Right Midfield,39,7,9,32,3
Central Midfield,35,34,13,27,1
Central Midfield,34,11,24,19,1
Central Midfield,35,23,25,32,2
Defensive Midfield,36,8,13,13,2
Defensive Midfield,37,5,27,32,10
Left-Back,38,18,29,30,0
Centre-Back,37,13,30,36,0
Centre-Back,33,12,24,9,1
Attacking Midfield,40,18,32,35,0
Central Midfield,36,14,1,2,0
Defensive Midfield,35,27,36,37,1
midfield,36,19,23,15,0
Left-Back,33,16,30,35,6
Centre-Back,36,6,12,21,0
Centre-Back,33,5,14,43,7
Centre-Back,34,0,1,18,0
Goalkeeper,40,4,38,34,0
Central Midfield,38,14,34,33,0
Right-Back,34,38,34,20,0
Right-Back,33,10,11,28,0
Right-Back,33,1,1,2,0
Right-Back,39,32,38,48,2
Left-Back,38,31,28,29,0
Centre-Back,30,20,23,40,0
Centre-Back,37,25,28,21,0
Goalkeeper,37,28,7,34,0
Centre-Forward,34,13,12,22,2
Centre-Forward,36,15,30,46,0
Attacking Midfield,32,6,13,7,2
Right Midfield,35,8,25,39,0
Left Winger,37,13,29,31,0
Left Winger,37,1,11,13,0
Central Midfield,38,1,9,12,0
Central Midfield,33,10,18,31,0
Central Midfield,38,25,22,29,0
Defensive Midfield,35,5,9,21,0
Right-Back,37,15,25,31,0
Left-Back,37,16,29,9,1
Centre-Back,34,6,24,19,0
Centre-Back,34,2,15,34,1
Goalkeeper,36,11,1,10,0
Right Winger,35,14,18,14,2
Attacking Midfield,28,1,1,8,0
Second Striker,37,12,34,31,1
Centre-Back,39,2,1,15,1
Goalkeeper,37,6,2,8,0
Goalkeeper,40,4,22,21,0
Right Winger,36,1,4,11,0
Right Winger,36,9,31,40,0
Right Winger,32,3,16,23,0
Right Winger,37,4,12,27,0
Defensive Midfield,38,1,14,24,0
Defensive Midfield,35,18,10,27,0
Right-Back,32,2,21,33,0
Right-Back,36,3,7,44,0
Left-Back,35,2,20,22,0
Goalkeeper,36,0,16,20,0
Centre-Forward,33,20,24,26,1
Centre-Forward,37,15,7,2,0
Central Midfield,32,4,15,37,1
Central Midfield,36,19,16,18,0
Defensive Midfield,36,14,16,32,1
Defensive Midfield,37,19,22,18,0
Right-Back,33,3,8,14,0
Centre-Back,35,13,17,31,0
Centre-Back,36,8,18,15,4
Goalkeeper,38,5,3,34,2
Centre-Forward,39,23,34,38,0
Centre-Forward,35,17,8,35,1
Centre-Forward,36,11,11,28,4
Attacking Midfield,36,3,21,32,0
Right Midfield,34,2,23,34,0
Defensive Midfield,34,36,36,36,0
Right-Back,35,14,18,29,1
Attacking Midfield,39,34,32,32,1
Right Midfield,33,24,17,32,1
Central Midfield,39,13,15,27,0
Central Midfield,31,7,29,30,1
Defensive Midfield,38,22,41,20,1
Left-Back,31,9,10,9,4
Left-Back,36,14,19,18,0
Centre-Back,36,22,36,37,0
Centre-Back,33,10,29,31,0
Centre-Back,36,0,9,26,0
Left-Back,35,18,28,22,1
Centre-Back,33,12,13,16,2
Centre-Back,35,10,21,31,2
Centre-Back,33,23,5,25,0
Centre-Back,39,33,33,27,0
Goalkeeper,40,2,10,8,1
Attacking Midfield,35,1,5,22,3
Right Midfield,34,3,6,13,0
Central Midfield,32,15,23,29,0
Central Midfield,35,22,33,33,0
Central Midfield,38,35,34,41,0
Defensive Midfield,34,0,11,31,0
Defensive Midfield,33,4,12,18,1
Right Winger,32,26,34,34,0
Attacking Midfield,37,23,13,38,5
Left Midfield,34,8,20,28,0
Defensive Midfield,36,25,12,21,3
Defensive Midfield,39,22,20,46,0
Defensive Midfield,33,25,34,24,0
Right-Back,33,14,29,4,2
Left-Back,36,33,38,25,0
Centre-Back,33,2,13,28,3
Centre-Back,34,1,14,19,1
Centre-Back,38,10,25,11,0
Centre-Back,36,3,37,30,0
Centre-Back,36,10,16,20,2
Goalkeeper,35,2,8,1,0
Goalkeeper,37,3,18,30,0
Goalkeeper,36,0,0,21,1
Centre-Forward,32,17,35,31,3
Second Striker,36,13,29,40,2
Centre-Forward,35,2,18,20,1
Second Striker,38,22,22,47,1
Attacking Midfield,34,15,26,31,3
Central Midfield,35,3,37,30,1
Right-Back,34,4,9,35,3
Right-Back,32,10,13,28,0
Goalkeeper,39,42,31,43,1
Centre-Forward,38,18,29,30,4
Attacking Midfield,36,8,25,20,0
Attacking Midfield,38,13,28,42,3
Central Midfield,39,18,28,26,1
Defensive Midfield,35,4,25,9,1
Defensive Midfield,36,26,17,40,1
Left-Back,37,20,23,36,0
Left-Back,36,16,30,22,1
Left-Back,35,33,38,38,0
Goalkeeper,35,8,5,34,3
Centre-Forward,35,25,23,27,0
Centre-Back,33,5,15,28,3
Centre-Back,35,5,7,14,0
Centre-Back,35,26,28,30,0
Goalkeeper,40,11,2,24,1
Goalkeeper,35,0,8,6,1
Defensive Midfield,33,23,28,27,0
Defensive Midfield,34,7,13,10,0
Defensive Midfield,39,22,30,32,3
Centre-Back,34,10,13,29,3
Defensive Midfield,34,12,33,23,0
Right-Back,35,8,5,31,3
Left-Back,35,10,18,12,0
Centre-Back,33,10,21,19,2
Centre-Back,34,19,26,33,0
Centre-Forward,34,2,15,2,0
Attacking Midfield,37,8,13,23,1
Right Midfield,36,26,31,39,3
Right Midfield,33,15,15,31,0
Defensive Midfield,37,27,26,14,0
Defensive Midfield,36,19,37,3,1
Defensive Midfield,37,19,31,17,5
Left-Back,38,26,23,33,2
Centre-Back,33,29,20,10,0
Right Winger,36,1,2,19,0
Left Winger,34,12,23,36,0
Attacking Midfield,33,2,11,25,0
Attacking Midfield,38,7,30,29,1
Centre-Back,31,5,20,33,0
Centre-Back,35,28,12,25,0
Centre-Forward,37,24,23,19,1
Attacking Midfield,36,1,1,27,7
Attacking Midfield,38,6,30,28,0
Right Midfield,37,13,18,8,2
Centre-Forward,39,26,31,30,0
Centre-Forward,37,6,19,3,3
Left Winger,34,16,31,26,0
Attacking Midfield,38,26,40,36,3
Defensive Midfield,39,20,29,27,1
Left-Back,33,4,33,39,2
Centre-Back,32,2,23,13,0
Centre-Back,33,10,34,26,2
Centre-Back,35,2,26,20,0
Centre-Back,36,32,29,28,1
Centre-Back,31,11,12,12,1
Centre-Back,35,32,24,24,2
Goalkeeper,34,9,17,7,2
Centre-Forward,38,21,22,29,0
Attacking Midfield,33,3,29,19,0
Attacking Midfield,38,27,38,20,2
Right Midfield,35,4,7,30,0
Defensive Midfield,34,16,33,7,1
Defensive Midfield,38,4,30,31,0
Right-Back,32,8,1,17,0
Right-Back,37,28,10,34,1
Left-Back,38,14,27,27,1
Goalkeeper,36,2,13,15,0
Left-Back,32,9,12,26,1
Left-Back,32,4,14,36,1
Goalkeeper,33,2,8,21,0
Goalkeeper,35,3,1,6,0
Goalkeeper,35,1,13,17,0
Centre-Forward,33,11,10,26,0
Left Midfield,38,5,17,25,0
midfield,35,8,6,21,0
Right-Back,33,1,17,21,0
Left-Back,33,1,18,30,1
Left-Back,39,7,33,31,0
Centre-Back,30,13,16,25,0
Centre-Back,38,3,13,28,2
